{"name":"cd0c73b0-5127-4356-8315-ed50d7f78d0d","id":"/providers/Microsoft.Flow/flows/cd0c73b0-5127-4356-8315-ed50d7f78d0d","type":"Microsoft.Flow/flows","properties":{"apiId":"/providers/Microsoft.PowerApps/apis/shared_logicflows","displayName":"RB - Permissions handler","definition":{"metadata":{"workflowEntityId":null,"flowclientsuspensionreason":"None","flowclientsuspensiontime":null,"creator":{"id":"094152bb-de25-4d27-b599-3b348b72b373","type":"User","tenantId":"3a58ac76-3264-4977-b435-f483b775041b"},"provisioningMethod":"FromDefinition","failureAlertSubscription":true,"clientLastModifiedTime":"2021-03-03T05:48:08.9413065Z"},"$schema":"https://schema.management.azure.com/providers/Microsoft.Logic/schemas/2016-06-01/workflowdefinition.json#","contentVersion":"1.0.0.0","parameters":{"$connections":{"defaultValue":{},"type":"Object"},"$authentication":{"defaultValue":{},"type":"SecureObject"}},"triggers":{"When_an_item_is_created_or_modified":{"recurrence":{"frequency":"Minute","interval":5},"splitOn":"@triggerOutputs()?['body/value']","type":"OpenApiConnection","inputs":{"host":{"apiId":"/providers/Microsoft.PowerApps/apis/shared_sharepointonline","connectionName":"shared_sharepointonline","operationId":"GetOnUpdatedItems"},"parameters":{"dataset":"https://spme.sharepoint.com/sites/RB-Promociones","table":"2f362239-613f-4741-9970-9084204268db"},"authentication":"@parameters('$authentication')"}}},"actions":{"Stop_sharing_an_item_or_a_file":{"runAfter":{},"type":"OpenApiConnection","inputs":{"host":{"apiId":"/providers/Microsoft.PowerApps/apis/shared_sharepointonline","connectionName":"shared_sharepointonline","operationId":"UnshareItem"},"parameters":{"dataset":"https://spme.sharepoint.com/sites/RB-Promociones","table":"3f26b1e3-9a1d-4c09-b677-95833773d9d6","id":"@triggerOutputs()?['body/PromoItemId']"},"authentication":"@parameters('$authentication')"}},"Read_permission_condition":{"actions":{"Apply_read_permissions":{"foreach":"@split(triggerOutputs()?['body/ReaderIDs'],',')","actions":{"Send_an_HTTP_request_to_SharePoint":{"runAfter":{},"type":"OpenApiConnection","inputs":{"host":{"apiId":"/providers/Microsoft.PowerApps/apis/shared_sharepointonline","connectionName":"shared_sharepointonline","operationId":"HttpRequest"},"parameters":{"dataset":"https://spme.sharepoint.com/sites/RB-Promociones","parameters/method":"POST","parameters/uri":"_api/lists/getByTitle('Promociones')/items(@{triggerOutputs()?['body/PromoItemId']})/roleassignments/addroleassignment(principalid=@{items('Apply_read_permissions')},roledefid=1073741826)\n"},"authentication":"@parameters('$authentication')"}}},"runAfter":{},"type":"Foreach"}},"runAfter":{"Stop_sharing_an_item_or_a_file":["Succeeded"]},"expression":{"equals":["@empty(triggerOutputs()?['body/ReaderIDs'])","@false"]},"type":"If"},"Edit_permission_condition":{"actions":{"Apply_edit_permissions":{"foreach":"@split(triggerOutputs()?['body/ContributorIDs'],',')","actions":{"Send_an_HTTP_request_to_SharePoint_2":{"runAfter":{},"type":"OpenApiConnection","inputs":{"host":{"apiId":"/providers/Microsoft.PowerApps/apis/shared_sharepointonline","connectionName":"shared_sharepointonline","operationId":"HttpRequest"},"parameters":{"dataset":"https://spme.sharepoint.com/sites/RB-Promociones","parameters/method":"POST","parameters/uri":"_api/lists/getByTitle('Promociones')/items(@{triggerOutputs()?['body/PromoItemId']})/roleassignments/addroleassignment(principalid=@{items('Apply_edit_permissions')},roledefid=1073741827)"},"authentication":"@parameters('$authentication')"}}},"runAfter":{},"type":"Foreach"}},"runAfter":{"Read_permission_condition":["Succeeded"]},"expression":{"equals":["@empty(triggerOutputs()?['body/ContributorIDs'])","@false"]},"type":"If"},"Delete_item":{"runAfter":{"Edit_permission_condition":["Succeeded"]},"type":"OpenApiConnection","inputs":{"host":{"apiId":"/providers/Microsoft.PowerApps/apis/shared_sharepointonline","connectionName":"shared_sharepointonline","operationId":"DeleteItem"},"parameters":{"dataset":"https://spme.sharepoint.com/sites/RB-Promociones","table":"2f362239-613f-4741-9970-9084204268db","id":"@triggerOutputs()?['body/ID']"},"authentication":"@parameters('$authentication')"}}}},"connectionReferences":{"shared_sharepointonline":{"connectionName":"e23a35fea59c369e88393dc1c258d56b","source":"Embedded","id":"/providers/Microsoft.PowerApps/apis/shared_sharepointonline","tier":"NotSpecified"}},"flowFailureAlertSubscribed":false}}