{"name":"ce625840-786f-4c0e-aab0-ae3da7eb97c1","id":"/providers/Microsoft.Flow/flows/ce625840-786f-4c0e-aab0-ae3da7eb97c1","type":"Microsoft.Flow/flows","properties":{"apiId":"/providers/Microsoft.PowerApps/apis/shared_logicflows","displayName":"RB - CSVExport - Mexico","definition":{"metadata":{"workflowEntityId":null,"processAdvisorMetadata":null,"flowclientsuspensionreason":"None","flowclientsuspensiontime":null,"creator":{"id":"b4c0d7e9-356b-485f-8003-62413ab5264a","type":"User","tenantId":"6681c72b-77d0-4d2d-8d0c-085e287cac11"},"provisioningMethod":"FromDefinition","failureAlertSubscription":true,"clientLastModifiedTime":"2021-06-05T01:38:53.6807373Z"},"$schema":"https://schema.management.azure.com/providers/Microsoft.Logic/schemas/2016-06-01/workflowdefinition.json#","contentVersion":"1.0.0.0","parameters":{"$connections":{"defaultValue":{},"type":"Object"},"$authentication":{"defaultValue":{},"type":"SecureObject"}},"triggers":{"Recurrence":{"recurrence":{"frequency":"Day","interval":1,"startTime":"2021-05-26T13:00:00.000Z","schedule":{"hours":["23"]}},"type":"Recurrence"}},"actions":{"ForEach_item_a_elimiar":{"foreach":"@outputs('Obtener_archivos_(solo_propiedades)')?['body/value']","actions":{"Eliminar_archivo":{"runAfter":{},"type":"OpenApiConnection","inputs":{"host":{"apiId":"/providers/Microsoft.PowerApps/apis/shared_sharepointonline","connectionName":"shared_sharepointonline","operationId":"DeleteFile"},"parameters":{"dataset":"https://devbf2019.sharepoint.com/sites/RBPromociones/Mexico","id":"@items('ForEach_item_a_elimiar')?['{Identifier}']"},"authentication":"@parameters('$authentication')"}}},"runAfter":{"Obtener_archivos_(solo_propiedades)":["Succeeded"]},"type":"Foreach"},"Inicializar_variable_-_Biblioteca_Exports":{"runAfter":{},"type":"InitializeVariable","inputs":{"variables":[{"name":"ExportsLibrary","type":"string","value":"Exports"}]}},"Obtener_archivos_(solo_propiedades)":{"runAfter":{"Inicializar_variable_-_Biblioteca_Exports":["Succeeded"]},"type":"OpenApiConnection","inputs":{"host":{"apiId":"/providers/Microsoft.PowerApps/apis/shared_sharepointonline","connectionName":"shared_sharepointonline","operationId":"GetFileItems"},"parameters":{"dataset":"https://devbf2019.sharepoint.com/sites/RBPromociones/Mexico","table":"52e1f0df-ea17-4592-a158-338704fe99c8"},"authentication":"@parameters('$authentication')"}},"Unidades_de_Negocio":{"actions":{"Obtener_elementos_2":{"runAfter":{},"type":"OpenApiConnection","inputs":{"host":{"apiId":"/providers/Microsoft.PowerApps/apis/shared_sharepointonline","connectionName":"shared_sharepointonline","operationId":"GetItems"},"parameters":{"dataset":"https://devbf2019.sharepoint.com/sites/RBPromociones/Mexico","table":"155c7884-76f1-40b0-9030-bce45cac4127"},"authentication":"@parameters('$authentication')"}},"Crear_tabla_CSV_2":{"runAfter":{"Obtener_elementos_2":["Succeeded"]},"type":"Table","inputs":{"from":"@outputs('Obtener_elementos_2')?['body/value']","format":"CSV","columns":[{"header":"ID","value":"@item()?['ID']"},{"header":"Title","value":"@item()?['Title']"}]}},"Crear_archivo_2":{"runAfter":{"Crear_tabla_CSV_2":["Succeeded"]},"type":"OpenApiConnection","inputs":{"host":{"apiId":"/providers/Microsoft.PowerApps/apis/shared_sharepointonline","connectionName":"shared_sharepointonline","operationId":"CreateFile"},"parameters":{"dataset":"https://devbf2019.sharepoint.com/sites/RBPromociones/Mexico","folderPath":"/Exports","name":"Unidades de Negocio.csv","body":"@body('Crear_tabla_CSV_2')"},"authentication":"@parameters('$authentication')"},"runtimeConfiguration":{"contentTransfer":{"transferMode":"Chunked"}}}},"runAfter":{"Productos":["Succeeded"]},"type":"Scope"},"Productos":{"actions":{"Obtener_elementos_3":{"runAfter":{},"type":"OpenApiConnection","inputs":{"host":{"apiId":"/providers/Microsoft.PowerApps/apis/shared_sharepointonline","connectionName":"shared_sharepointonline","operationId":"GetItems"},"parameters":{"dataset":"https://devbf2019.sharepoint.com/sites/RBPromociones/Mexico","table":"2927bb58-5191-4a81-8175-2b60c40c4104"},"authentication":"@parameters('$authentication')"}},"Crear_tabla_CSV_3":{"runAfter":{"Obtener_elementos_3":["Succeeded"]},"type":"Table","inputs":{"from":"@outputs('Obtener_elementos_3')?['body/value']","format":"CSV","columns":[{"header":"ID","value":"@item()?['ID']"},{"header":"Title","value":"@item()?['Title']"}]}},"Crear_archivo_3":{"runAfter":{"Crear_tabla_CSV_3":["Succeeded"]},"type":"OpenApiConnection","inputs":{"host":{"apiId":"/providers/Microsoft.PowerApps/apis/shared_sharepointonline","connectionName":"shared_sharepointonline","operationId":"CreateFile"},"parameters":{"dataset":"https://devbf2019.sharepoint.com/sites/RBPromociones/Mexico","folderPath":"/Exports","name":"Productos.csv","body":"@body('Crear_tabla_CSV_3')"},"authentication":"@parameters('$authentication')"},"runtimeConfiguration":{"contentTransfer":{"transferMode":"Chunked"}}}},"runAfter":{"Promo_Items":["Succeeded"]},"type":"Scope"},"Promo_Items":{"actions":{"Obtener_elementos_4":{"runAfter":{},"type":"OpenApiConnection","inputs":{"host":{"apiId":"/providers/Microsoft.PowerApps/apis/shared_sharepointonline","connectionName":"shared_sharepointonline","operationId":"GetItems"},"parameters":{"dataset":"https://devbf2019.sharepoint.com/sites/RBPromociones/Mexico","table":"5cd863e8-f635-4450-ab32-e69314a4b827"},"authentication":"@parameters('$authentication')"}},"Crear_tabla_CSV_4":{"runAfter":{"Obtener_elementos_4":["Succeeded"]},"type":"Table","inputs":{"from":"@outputs('Obtener_elementos_4')?['body/value']","format":"CSV","columns":[{"header":"ID","value":"@item()?['ID']"},{"header":"Title","value":"@item()?['Title']"},{"header":"ShortDescription","value":"@item()?['ShortDescription']"},{"header":"Category#Id","value":"@item()?['ProductCategory/Id']"},{"header":"Promo#Id","value":"@item()?['Promo/Id']"},{"header":"Type#Id","value":"@item()?['Type/Id']"},{"header":"Investment","value":"@item()?['Investment']"},{"header":"CappedActivity","value":"@item()?['CappedActivity']"},{"header":"Product#Id","value":"@item()?['Product/Id']"},{"header":"BusinessUnit#Id","value":"@item()?['BusinessUnit/Id']"},{"header":"Brand#Id","value":"@item()?['Brand/Id']"},{"header":"ProductCategory#Id","value":"@item()?['ProductCategory/Id']"},{"header":"StartDate","value":"@item()?['StartDate']"},{"header":"EndDate","value":"@item()?['EndDate']"},{"header":"DiscountPerPiece","value":"@item()?['DiscountPerPiece']"},{"header":"NetPrice","value":"@item()?['NetPrice']"},{"header":"COGS","value":"@item()?['COGS']"},{"header":"Discount","value":"@item()?['DiscountPercentage']"},{"header":"GMPercentageNR","value":"@item()?['GMPercentageNR']"},{"header":"GMNRWithPromo","value":"@item()?['GMPercentageNRWithPromo']"},{"header":"GMBaseUnit","value":"@item()?['GMBaseUnit']"},{"header":"GMPromoUnit","value":"@item()?['GMPromoUnit']"},{"header":"BaseVolume","value":"@item()?['BaseVolume']"},{"header":"Redemption","value":"@item()?['Redemption']"},{"header":"EstimatedIncrementalVolume","value":"@item()?['EstimatedIncrementalVolume']"},{"header":"AdditionalInvestment","value":"@item()?['AdditionalInvestment']"},{"header":"EstimatedROI","value":"@item()?['EstimatedROI']"},{"header":"TotalEstimatedVolume","value":"@item()?['TotalEstimatedVolume']"}]}},"Crear_archivo_4":{"runAfter":{"Crear_tabla_CSV_4":["Succeeded"]},"type":"OpenApiConnection","inputs":{"host":{"apiId":"/providers/Microsoft.PowerApps/apis/shared_sharepointonline","connectionName":"shared_sharepointonline","operationId":"CreateFile"},"parameters":{"dataset":"https://devbf2019.sharepoint.com/sites/RBPromociones/Mexico","folderPath":"/Exports","name":"Promo Items.csv","body":"@body('Crear_tabla_CSV_4')"},"authentication":"@parameters('$authentication')"},"runtimeConfiguration":{"contentTransfer":{"transferMode":"Chunked"}}}},"runAfter":{"Clientes":["Succeeded"]},"type":"Scope"},"Clientes":{"actions":{"Obtener_elementos_5":{"runAfter":{},"type":"OpenApiConnection","inputs":{"host":{"apiId":"/providers/Microsoft.PowerApps/apis/shared_sharepointonline","connectionName":"shared_sharepointonline","operationId":"GetItems"},"parameters":{"dataset":"https://devbf2019.sharepoint.com/sites/RBPromociones/Mexico","table":"a22663a1-bdb5-487b-b469-3e4d34c3867f"},"authentication":"@parameters('$authentication')"}},"Crear_tabla_CSV_5":{"runAfter":{"Obtener_elementos_5":["Succeeded"]},"type":"Table","inputs":{"from":"@outputs('Obtener_elementos_5')?['body/value']","format":"CSV","columns":[{"header":"ID","value":"@item()?['ID']"},{"header":"Title","value":"@item()?['Title']"}]}},"Crear_archivo_5":{"runAfter":{"Crear_tabla_CSV_5":["Succeeded"]},"type":"OpenApiConnection","inputs":{"host":{"apiId":"/providers/Microsoft.PowerApps/apis/shared_sharepointonline","connectionName":"shared_sharepointonline","operationId":"CreateFile"},"parameters":{"dataset":"https://devbf2019.sharepoint.com/sites/RBPromociones/Mexico","folderPath":"/Exports","name":"Clientes.csv","body":"@body('Crear_tabla_CSV_5')"},"authentication":"@parameters('$authentication')"},"runtimeConfiguration":{"contentTransfer":{"transferMode":"Chunked"}}}},"runAfter":{"Promociones":["Succeeded"]},"type":"Scope"},"Promociones":{"actions":{"Obtener_elementos_6":{"runAfter":{},"type":"OpenApiConnection","inputs":{"host":{"apiId":"/providers/Microsoft.PowerApps/apis/shared_sharepointonline","connectionName":"shared_sharepointonline","operationId":"GetItems"},"parameters":{"dataset":"https://devbf2019.sharepoint.com/sites/RBPromociones/Mexico","table":"01a3e7e4-3507-4b71-bc15-1b73f5ff51ed"},"authentication":"@parameters('$authentication')"}},"Crear_tabla_CSV_6":{"runAfter":{"Obtener_elementos_6":["Succeeded"]},"type":"Table","inputs":{"from":"@outputs('Obtener_elementos_6')?['body/value']","format":"CSV","columns":[{"header":"ID","value":"@item()?['ID']"},{"header":"Title","value":"@item()?['Title']"},{"header":"Client#Id","value":"@item()?['Client/Id']"},{"header":"Status","value":"@item()?['Status']"},{"header":"StartDate","value":"@item()?['StartDate']"},{"header":"EndDate","value":"@item()?['EndDate']"},{"header":"StatusId","value":"@item()?['StatusId']"},{"header":"TotalEstimatedInvestment","value":"@item()?['TotalEstimatedInvestment']"}]}},"Crear_archivo_6":{"runAfter":{"Crear_tabla_CSV_6":["Succeeded"]},"type":"OpenApiConnection","inputs":{"host":{"apiId":"/providers/Microsoft.PowerApps/apis/shared_sharepointonline","connectionName":"shared_sharepointonline","operationId":"CreateFile"},"parameters":{"dataset":"https://devbf2019.sharepoint.com/sites/RBPromociones/Mexico","folderPath":"/Exports","name":"Promociones.csv","body":"@body('Crear_tabla_CSV_6')"},"authentication":"@parameters('$authentication')"},"runtimeConfiguration":{"contentTransfer":{"transferMode":"Chunked"}}}},"runAfter":{"Categorías":["Succeeded"]},"type":"Scope"},"Categorías":{"actions":{"Obtener_elementos_7":{"runAfter":{},"type":"OpenApiConnection","inputs":{"host":{"apiId":"/providers/Microsoft.PowerApps/apis/shared_sharepointonline","connectionName":"shared_sharepointonline","operationId":"GetItems"},"parameters":{"dataset":"https://devbf2019.sharepoint.com/sites/RBPromociones/Mexico","table":"96117a3b-77bb-4c2f-b5b3-e746b7f2905a"},"authentication":"@parameters('$authentication')"}},"Crear_tabla_CSV_7":{"runAfter":{"Obtener_elementos_7":["Succeeded"]},"type":"Table","inputs":{"from":"@outputs('Obtener_elementos_7')?['body/value']","format":"CSV","columns":[{"header":"ID","value":"@item()?['ID']"},{"header":"Title","value":"@item()?['Title']"}]}},"Crear_archivo_7":{"runAfter":{"Crear_tabla_CSV_7":["Succeeded"]},"type":"OpenApiConnection","inputs":{"host":{"apiId":"/providers/Microsoft.PowerApps/apis/shared_sharepointonline","connectionName":"shared_sharepointonline","operationId":"CreateFile"},"parameters":{"dataset":"https://devbf2019.sharepoint.com/sites/RBPromociones/Mexico","folderPath":"/Exports","name":"Categorías.csv","body":"@body('Crear_tabla_CSV_7')"},"authentication":"@parameters('$authentication')"},"runtimeConfiguration":{"contentTransfer":{"transferMode":"Chunked"}}}},"runAfter":{"Tipos":["Succeeded"]},"type":"Scope"},"Tipos":{"actions":{"Obtener_elementos_8":{"runAfter":{},"type":"OpenApiConnection","inputs":{"host":{"apiId":"/providers/Microsoft.PowerApps/apis/shared_sharepointonline","connectionName":"shared_sharepointonline","operationId":"GetItems"},"parameters":{"dataset":"https://devbf2019.sharepoint.com/sites/RBPromociones/Mexico","table":"3739f551-164c-44df-aa4d-b2a21d295f1c"},"authentication":"@parameters('$authentication')"}},"Crear_tabla_CSV_8":{"runAfter":{"Obtener_elementos_8":["Succeeded"]},"type":"Table","inputs":{"from":"@outputs('Obtener_elementos_8')?['body/value']","format":"CSV","columns":[{"header":"ID","value":"@item()?['ID']"},{"header":"Title","value":"@item()?['Title']"},{"header":"Category#Id","value":"@item()?['Category/Id']"}]}},"Crear_archivo_8":{"runAfter":{"Crear_tabla_CSV_8":["Succeeded"]},"type":"OpenApiConnection","inputs":{"host":{"apiId":"/providers/Microsoft.PowerApps/apis/shared_sharepointonline","connectionName":"shared_sharepointonline","operationId":"CreateFile"},"parameters":{"dataset":"https://devbf2019.sharepoint.com/sites/RBPromociones/Mexico","folderPath":"/Exports","name":"Tipos.csv","body":"@body('Crear_tabla_CSV_8')"},"authentication":"@parameters('$authentication')"},"runtimeConfiguration":{"contentTransfer":{"transferMode":"Chunked"}}}},"runAfter":{"ForEach_item_a_elimiar":["Succeeded"]},"type":"Scope"},"Categorías_de_Producto":{"actions":{"Obtener_elementos_10":{"runAfter":{},"type":"OpenApiConnection","inputs":{"host":{"apiId":"/providers/Microsoft.PowerApps/apis/shared_sharepointonline","connectionName":"shared_sharepointonline","operationId":"GetItems"},"parameters":{"dataset":"https://devbf2019.sharepoint.com/sites/RBPromociones/Mexico","table":"ecdcfb6b-8c9c-487d-ad06-d15560ccf91c"},"authentication":"@parameters('$authentication')"}},"Crear_tabla_CSV_10":{"runAfter":{"Obtener_elementos_10":["Succeeded"]},"type":"Table","inputs":{"from":"@outputs('Obtener_elementos_10')?['body/value']","format":"CSV","columns":[{"header":"ID","value":"@item()?['ID']"},{"header":"Title","value":"@item()?['Title']"}]}},"Crear_archivo_10":{"runAfter":{"Crear_tabla_CSV_10":["Succeeded"]},"type":"OpenApiConnection","inputs":{"host":{"apiId":"/providers/Microsoft.PowerApps/apis/shared_sharepointonline","connectionName":"shared_sharepointonline","operationId":"CreateFile"},"parameters":{"dataset":"https://devbf2019.sharepoint.com/sites/RBPromociones/Mexico","folderPath":"/Exports","name":"Categorías de Producto.csv","body":"@body('Crear_tabla_CSV_10')"},"authentication":"@parameters('$authentication')"},"runtimeConfiguration":{"contentTransfer":{"transferMode":"Chunked"}}}},"runAfter":{"Marcas":["Succeeded"]},"type":"Scope"},"Marcas":{"actions":{"Obtener_elementos":{"runAfter":{},"type":"OpenApiConnection","inputs":{"host":{"apiId":"/providers/Microsoft.PowerApps/apis/shared_sharepointonline","connectionName":"shared_sharepointonline","operationId":"GetItems"},"parameters":{"dataset":"https://devbf2019.sharepoint.com/sites/RBPromociones/Mexico","table":"40e41e93-7cc3-4ca4-9508-1636b01e1de7"},"authentication":"@parameters('$authentication')"}},"Crear_tabla_CSV":{"runAfter":{"Obtener_elementos":["Succeeded"]},"type":"Table","inputs":{"from":"@outputs('Obtener_elementos')?['body/value']","format":"CSV","columns":[{"header":"ID","value":"@item()?['ID']"},{"header":"Title","value":"@item()?['Title']"}]}},"Crear_archivo":{"runAfter":{"Crear_tabla_CSV":["Succeeded"]},"type":"OpenApiConnection","inputs":{"host":{"apiId":"/providers/Microsoft.PowerApps/apis/shared_sharepointonline","connectionName":"shared_sharepointonline","operationId":"CreateFile"},"parameters":{"dataset":"https://devbf2019.sharepoint.com/sites/RBPromociones/Mexico","folderPath":"/Exports","name":"Marcas.csv","body":"@body('Crear_tabla_CSV')"},"authentication":"@parameters('$authentication')"},"runtimeConfiguration":{"contentTransfer":{"transferMode":"Chunked"}}}},"runAfter":{"Unidades_de_Negocio":["Succeeded"]},"type":"Scope"}},"description":""},"connectionReferences":{"shared_sharepointonline":{"connectionName":"5ac106e5135b4bb4aeb64646ea397907","source":"Embedded","id":"/providers/Microsoft.PowerApps/apis/shared_sharepointonline","tier":"NotSpecified"}},"flowFailureAlertSubscribed":false}}