{"name":"07d25ebf-b787-427f-a39d-1f9adef55eaa","id":"/providers/Microsoft.Flow/flows/07d25ebf-b787-427f-a39d-1f9adef55eaa","type":"Microsoft.Flow/flows","properties":{"apiId":"/providers/Microsoft.PowerApps/apis/shared_logicflows","displayName":"RB - Permissions handler - QA - México","definition":{"metadata":{"workflowEntityId":null,"flowclientsuspensionreason":"None","flowclientsuspensiontime":null,"creator":{"id":"0ae68a92-15ef-4b7d-8b25-2bd198c090a4","type":"User","tenantId":"95e66ecc-f2c2-464b-84d9-8fda407bc923"},"provisioningMethod":"FromDefinition","failureAlertSubscription":true,"clientLastModifiedTime":"2021-04-21T00:21:08.0875499Z"},"$schema":"https://schema.management.azure.com/providers/Microsoft.Logic/schemas/2016-06-01/workflowdefinition.json#","contentVersion":"1.0.0.0","parameters":{"$connections":{"defaultValue":{},"type":"Object"},"$authentication":{"defaultValue":{},"type":"SecureObject"}},"triggers":{"When_an_item_is_created_or_modified":{"recurrence":{"frequency":"Minute","interval":5},"splitOn":"@triggerOutputs()?['body/value']","type":"OpenApiConnection","inputs":{"host":{"apiId":"/providers/Microsoft.PowerApps/apis/shared_sharepointonline","connectionName":"shared_sharepointonline_1","operationId":"GetOnUpdatedItems"},"parameters":{"dataset":"https://rbcom.sharepoint.com/sites/TPM-TradePromotionManagementLATAM-QA/Mexico","table":"f97e1480-2f9e-4465-8698-4ba7df2247c8"},"authentication":"@parameters('$authentication')"}}},"actions":{"Stop_sharing_an_item_or_a_file":{"runAfter":{},"type":"OpenApiConnection","inputs":{"host":{"apiId":"/providers/Microsoft.PowerApps/apis/shared_sharepointonline","connectionName":"shared_sharepointonline_2","operationId":"UnshareItem"},"parameters":{"dataset":"https://rbcom.sharepoint.com/sites/TPM-TradePromotionManagementLATAM-QA/Mexico","table":"0a498911-9040-4a5a-9e4b-9269346059f8","id":"@triggerOutputs()?['body/PromoItemId']"},"authentication":"@parameters('$authentication')"}},"Read_permission_condition":{"actions":{"Apply_read_permissions":{"foreach":"@split(triggerOutputs()?['body/ReaderIDs'],',')","actions":{"Send_an_HTTP_request_to_SharePoint":{"runAfter":{},"type":"OpenApiConnection","inputs":{"host":{"apiId":"/providers/Microsoft.PowerApps/apis/shared_sharepointonline","connectionName":"shared_sharepointonline_3","operationId":"HttpRequest"},"parameters":{"dataset":"https://rbcom.sharepoint.com/sites/TPM-TradePromotionManagementLATAM-QA/Mexico","parameters/method":"POST","parameters/uri":"_api/lists/getByTitle('Promociones')/items(@{triggerOutputs()?['body/PromoItemId']})/roleassignments/addroleassignment(principalid=@{items('Apply_read_permissions')},roledefid=1073741826)\n"},"authentication":"@parameters('$authentication')"}}},"runAfter":{},"type":"Foreach"}},"runAfter":{"Stop_sharing_an_item_or_a_file":["Succeeded"]},"expression":{"equals":["@empty(triggerOutputs()?['body/ReaderIDs'])","@false"]},"type":"If"},"Edit_permission_condition":{"actions":{"Apply_edit_permissions":{"foreach":"@split(triggerOutputs()?['body/ContributorIDs'],',')","actions":{"Send_an_HTTP_request_to_SharePoint_2":{"runAfter":{},"type":"OpenApiConnection","inputs":{"host":{"apiId":"/providers/Microsoft.PowerApps/apis/shared_sharepointonline","connectionName":"shared_sharepointonline_3","operationId":"HttpRequest"},"parameters":{"dataset":"https://rbcom.sharepoint.com/sites/TPM-TradePromotionManagementLATAM-QA/Mexico","parameters/method":"POST","parameters/uri":"_api/lists/getByTitle('Promociones')/items(@{triggerOutputs()?['body/PromoItemId']})/roleassignments/addroleassignment(principalid=@{items('Apply_edit_permissions')},roledefid=1073741827)"},"authentication":"@parameters('$authentication')"}}},"runAfter":{},"type":"Foreach"}},"runAfter":{"Read_permission_condition":["Succeeded"]},"expression":{"equals":["@empty(triggerOutputs()?['body/ContributorIDs'])","@false"]},"type":"If"},"Delete_item":{"runAfter":{"Edit_permission_condition":["Succeeded"]},"type":"OpenApiConnection","inputs":{"host":{"apiId":"/providers/Microsoft.PowerApps/apis/shared_sharepointonline","connectionName":"shared_sharepointonline_3","operationId":"DeleteItem"},"parameters":{"dataset":"https://rbcom.sharepoint.com/sites/TPM-TradePromotionManagementLATAM-QA/Mexico","table":"f97e1480-2f9e-4465-8698-4ba7df2247c8","id":"@triggerOutputs()?['body/ID']"},"authentication":"@parameters('$authentication')"}}},"description":""},"connectionReferences":{"shared_sharepointonline_2":{"connectionName":"shared-sharepointonl-9eb2d8ab-53b1-462c-a91c-4eb2-671e78ad","source":"Embedded","id":"/providers/Microsoft.PowerApps/apis/shared_sharepointonline","tier":"NotSpecified"},"shared_sharepointonline_3":{"connectionName":"e6e8ae0e47af4fc58439e6097be0d3f2","source":"Embedded","id":"/providers/Microsoft.PowerApps/apis/shared_sharepointonline","tier":"NotSpecified"},"shared_sharepointonline_1":{"connectionName":"shared-sharepointonl-14153769-8bda-4925-86f7-52af-b3471053","source":"Embedded","id":"/providers/Microsoft.PowerApps/apis/shared_sharepointonline","tier":"NotSpecified"}},"flowFailureAlertSubscribed":false}}